NickOT01RH.62B6A820FDF94C2Z0Z	CCTGTGTCCTCAAAATGCAGTAGACAGTGGCATTCAGGGGAGGTGATACCAACCTCCCAGGGAGGGCATTTGAACCTGGGGGAATGCTTTTTATTCTTGGTGTTTACAATGACTGAGAATGCTACTGACATTTAGTCAGCAGGGGCCTGGGATATTAAACAT	AGGTGATACCAACCTCCCA
NickOT02RH.35BC5AF030D34C7Z0Z	AAATTGGCAGGACACCTTTTCAGGCTGCAAGTAGGGTAAAAATCTCAGATCCTTCACAGCTCTTGATATCAACCTCCCATGGCACAAAGCCATTTTGTGGCAGCTAAGACTAAGAGGAAGCTCTTTGCCATATGGCACCGAACTATCTGGGGTCTTTCACCCACTTGTCCTAGCTCTAACCCT	TCTTGATATCAACCTCCCAT
NickOT03RH.DD6B627905E0458Z0Z	ACATTGACTTTGGAGAGTCTGATGACTATATACCTTTGGTGATGTTTGTTTTCTACACTATCTTGCAGTTATTCTCTGGATTTCTTGCATCTAGATACCAACCTCCCTAGGAAGAGTAGGAAATTTTTTTTTGAATTATTTGTTCACATTATTTGTTTGTCTCCTTCTCTTTTGGCAATAC	TCTAGATACCAACCTCCCTA
NickOT04RH.071B887871A845EZ0Z	CCACAGTCATGTAACAAACCTGCACATTCTGCACATGTATCCCATTTTTTAGAAGAAATTAAAATAATTTACAAATTGTAGGACTGCAAACATTTGATATGTTTATAATTACAGCTGCAATAGTGTATGTAATGGCTTTGTTTGATACCAGCCTGGCCAAGGTGGCGAAACCCCGTCTCTACTAAAAATACAAAAATTAGCAGGCTGTGGTGGCAGGTGCCTGTAATCTAGCTACTTAGA	GTTTGATACCAGCCTGGCCA
NickOT05RH.485B7F52727044CZ0Z	CAGCCTTTGGGTCTGTAAAATTCTCTGTATAATTTTCTTGCTCCCTCAGTTCATCTTTCCATCAGTAAAATCAGGAAATTTTTATTCTTTTCTGGATGAAGCTCTCTTGACACCAGCCTGCCCAGGATCCGAGTACATAACCCATAAATAATTTAAAGTTTGAAAAGCCGTCACTCTGATGATTCTACTTGC	TCTTGACACCAGCCTGCCCA
NickOT06RH.843EDB16D134459Z0Z	ACTGAGAGTGAAGACAACGAAGAAGATGACATGGTTGATGTTATCTGGCGTCAGTTGATATCAAGCTGCCCATGGCTTTCAGAACTTGATGAAAGTGCAACTGAAGGAGTTATTAAAGTGTGGAGGAAAGTTGTAGATAGAATATTCAGCCTGTACAAACTCTCTTGCAGTGCATAC	AGTTGATATCAAGCTGCCCA
NickOT07RH.BAC613B7B4F5408Z0Z	TCATCTTTATGCCACCCAGACAGTTTTGTTTTTCTTCTTTTTTTTCTAGCCTTAATACCAACCTACCAGGGTTCATTAGCCCTATAATGTCTCTTCTTTCTTAAACACACAATGATTATTAGTTTGAGAAACCTAAATACATAAAACAAACTTCTTCTGGGAGTACTGCTT	CCTTAATACCAACCTACCAG
NickOT08RH.A4470941BD3D458Z0Z	ACAAATGGGAGAAAGATCATACTAGAGGAATGTAATAGGATTTTCAGTCATTGTTGACTGCCATTTTGATGATGGATGTTAGTTTGATACTAATCTGCCCAGAGTACATGGTTTTTCTCCACCATCACTCACTTGCATGGGTGCAGGCATGGAGGAGGAAGGTGATTAC	GTTTGATACTAATCTGCCCA
NickOT09RH.918E7D3A8A7843BZ0Z	CCTGTACCTCATCACTTCAATACCACAGAGAAAGATCATGTGGAAATAAGAAACAATAGAGCACTGTAGGGAATTTTAGTGAGCCACTAATTAATACCAATCTGCCCGGGCTTTGAACCAATCCAGAAATCACAGGAGAAGTAAGGCAGAAGAGGACCTAATATCATC	AATTAATACCAATCTGCCCG
NickOT10RH.2FC8D18557514C0Z0Z	CACCATGTTAAGTGCTAGCGGCTTTTGCATCTGCTGCTCTGTTTAAAGTATGTCTTAGGGTGCACCAGCTCCTGGGCTTTGATACCCACCTACCCTGGGGTGCCAACAGCATGTTCATTTCCATCCAGGGATGCCTGGGCCCTCTTATTCAGGGACTCACTGTTCCTGTCTCACTCACTGA	CTTTGATACCCACCTACCCT
NickOT11RH.486554E8427E4F1Z0Z	GACTCTGTGATTCTGCAAGATGAGCTCTGAGCCTTGGCTTTCCTATCTGTAAAATGGCCTTCCAAAATACCAACCTCCCAGGGGTGTGGTGAGGCCCTTGTGAGGCCACAGATGTGAACGTTTATTATCAACTCTAAAGTGCCAGTACACACACGAGTGATTAGTATTTTATTGTCCCGGCTTATGGGAATTCCCCCTGAAGTTGGGGAAGACTTAGAGTGTGCACAAAAGAG	CCAAAATACCAACCTCCCAG
NickOT12RH.DD0DFFFBE66B40BZ0Z	CAGGTTGCACATGATTTCTATTGACATACTTTTTAAACATATATTCAATATAAATTTATTATCTTTTAGTCCTTTTAAATGATATCAATCTACCCAGGGAAACAATTGCTTGAAGTAATGAGCTGTACTGAGAGTTACTGGACCAATGTCTGATTAATCAAAACAATGTCCCATTCCCATCCTCTTTGATTTCT	AAATGATATCAATCTACCCA
NickOT13RH.633B440D185C4F9Z0Z	GAAGCTTTTTCAAGCACTGTTCAACTCTCCAATACCATCTAGGCATCCTGCAAATCAATTTAATTTTGATACTAACTGCCCAGGGTCGATAGAGAACCCACAGGCTGAGGGCTCAGTCCCACAAAATGATCACCACCTCAGACATCAGCCACAAGTCTTGAGTAG	TTTTGATACTAACTGCCCA
NickOT14RH.1F6FFA8E1E0847FZ0Z	CAGGATTACAGTTGGAAAAGGTCTAGCTATGAGGCTGGGGGGTCCTGAGCCACAGGATACACAAGCAACTGTCAGCTCACCATTCGCAGACTCTCATGGTTCTGTCTTAATATCAACCTGTCTATGGCTTCCTCGGGCCAGACTTCTGCTTCTTGCATGTATTTATGCTGTCACCCAA	TCTTAATATCAACCTGTCTA
NickOT15RH.B81EB3F2A3FC4EFZ0Z	CACCAACAGCTTGTACCCTCAGTGTGGAAAAGCTACAGGCCCTTAATACCAACCAGCCCATGAGAACAGCTGAGGGGCTAAACACTGCAAAGCCACAGGTGCACTGCCCTAGTAGAGGCTTTCCATGAGCCTCTCACTCTGCAGCAGGCTACTCCCCCTTCCTACTACCACCCACCCTCCCACCACCCTACTGCCAACCCACTCCTCCCAATCCTACCCATCCCTTTTGCCTTC	CCTTAATACCAACCAGCCCA
NickOT16RH.BAA8CE4BBE12445Z0Z	TGCTATATTGCCCAGACTATTCTCGAACTCCTGGGCTCAAGTGATTGACCCATCTTGGCCTCCCAAAGTGCTGGGATTATAGCTTCTCCTGCCTTTAATGGGGTGAATTTTGCCTGTGATACCCACCTGCCCACAGGTGACTTCTCTGAGAGAACAGGTGTTAGGACGAGAGTAGTTCTG	CTGTGATACCCACCTGCCCA
NickOT17RH.5FBF949B1FE6486Z0Z	CTCACAAGGATACACAGAGTTCCCACTCAAAGGCAGCTTCTTTGTTTCCCACTGAGAAAGAGCTGCTTAGGGAGAATTAGAGCAAGCTAAATTAGGGGCATTGAAACCATCCTGCCCAGTGGTGTTCCCCAGCTCTGGATCCATAGCTTTCTCATTTGATGGTGAGTGGGGGGAGTTTCTTATTCATCTTAAGCAGTCTCCTCACGGTCTCTGTTCTCCTGAGACTGGCAAATGATCATCAG	CATTGAAACCATCCTGCCCA
NickOT18RH.27D5C64EAE8846EZ0Z	GTGACCTGATATTTGGGTTAATTCAATTTGTATCAAATCTGAGGGCCTAAATTTGGAATTTTTTTTGAAGGAAGATTTGCAATTGCTGTTTGTGAGTTAAAATGATACCAACCTGCCTGGGAATATTTCAGGCTTTTTAATAATCCTGGCTTAATGCAAAACTTTTGAATGTAC	AAATGATACCAACCTGCCTG
NickOT19RH.2D095AFBA5B84B3Z0Z	TGCTCTATGCTTCTTTGGAGAGAGGAGCAACTGTGATGTTTCTCTTTCATACATCTCCTTGAAACCAGCCTACTCACGGCAGACTTGGCTTATGATAAAAATCTCCTAGGTCTTTTGTTTCCAAAACAAAAATGATAGCATCCAAAGGTAGAGTAGCATCAGCA	CCTTGAAACCAGCCTACTCA
NickOT20RH.3417DD3BC44C48AZ0Z	ACATGCCCAGTTTCCATTTGCCTCCTTGAGCCTCTCTTATAACCTTGATACCAACCTGCCCAGGGCCTCACCACCAACTGCATCCACGTTCACTTTGCCCCACAGGGCATTGACAGCAGTCTTCTCCTCAGGAGTCAGATGCACCATGGTGTCTGTTTGAGGTTGCTAG	CCTTGATACCAACCTGCCCA
NickOT21RH.CFE0A0AD68AB464Z0Z	AAGTATATGGGACAATGTGCATAGGTTAATGCAAATACTACACCTTTTTAAATAAGGGACCTGAGTATCTGGTGATTTTGGTATCTGTTGTGGGGGTAGGTAGGAAGGGATCTTGAAACCAATCTCCCATGGATACTGGCCACTTCTTATTTTAAATGAAGTAGATGACCTAGTGTATTGC	TCTTGAAACCAATCTCCCA
NickOT23RH.D8A6D93501C04EAZ0Z	GGTGTCCCACATTTGTGACTTCCCCTGGGCTGCTGCCTGCTCACTCCTAGACCAGCTAGGCCAGCCTACTGTGTCCTGCACCTATTCCTGCCCCTCCTTCATACCTACCTGCCCCAGGGCAGCCCACCCTTGCAGCTTCATCTTGCCTCTGGATTCTG	CCTTCATACCTACCTGCCCC
NickOT24RH.7392BED4418448FZ0Z	AGACCCTTAGGTAAGAGATAAACATAACAAACGTGACAGGATATATATTTAGAAAAGTGCTATACTCTTCAGATTTAATATGCTGAAAGGCTAAACATTTATGTCAATGATGTTACTACTGTTGAATGTAATACCATAATAATACCTTTGAAATCAACCTCCCAAGGAGCATAAGACAGAAGAAAAGCAATCAAATCTTATACCTCATTTTTGGCA	CTTTGAAATCAACCTCCCAA
NickOT25RH.86BA87C0E80A429Z0Z	AGAATGTTTCTGTCATTCCAGAAAAGTCCCTTATGTCCCTTTCAGCTTGATACCCACCTCCCAGAGATACCAATTATTCATTTAAATGGAATAATATGGCATAAATTATTTTATGTCTGGTTTATTATTAAGCATAATAATAATTGAGAGTCACCTATGTTATTCTCATGA	GCTTGATACCCACCTCCCAG
NickOT26RH.6D55E228D08145AZ0Z	TTGAGAGGTAAAATTCCAGGCCAGAGGAGTTAGTTAGGAAGGAAAAGGAAGTGAGGTTAGAAGACGGGAAAGTAAAAGTATTTGGGAGTGTGATACAAACCTGGCCATGGAGTTAGAAAACACAGCTGGCTGTTTGCCAAAAGCAGTGTCTTCCAGAAAAGACACGTAGAATCACGTTGCTTC	GTGTGATACAAACCTGGCCA
NickOT28RH.6D36DC442D1E438Z0Z	CAGGGTTGACAACATAAGCTACAAGAGTTATATCAACTAAAAAGCAGGAAACTTTGTCAACTATCTACTTCATCTCATCTGTTCAGGCTTTTGGTATTATAGTTTTAGTTGCTGTTTTTCTTTCCTACTAAAATTCTCCTTGAGACCAAGCTGCCCTGGAGATAATGGAAGATCCTGTGTCTGAAAGTAAGTCCTCCAAAAAAGTTATAAGCACATGTCAAAAGGACACAAGG	CCTTGAGACCAAGCTGCCCT
NickOT29RH.95C15E59C219421Z0Z	CCCTTGCCATATCCTGATCACATGTCTACAACAAGGTTCTGTGCCTGTGGTCCCCATATCTATATTACTCAATTTTGTGATCATGGGCACACTCAAAGATTATTGCAAAACAATTTAGTTCCAGAAGATTTCAAGGATGATTTATACCAACTGCCCAAGGCTGGGCAATTTACAAAAGAAAGAGGTTTAATGGACATACAGTTCCACGTGACTGAGAG	GATTTATACCAACTGCCCA
NickOT30RH.FFCDC6A40E994D0Z0Z	ACTTATCATCAGGCATCTGGTATATGCTCAAGAGCTAACAATTTCTTTGCATGTAGACTTCTTTTGTACATACCAACCTGCCCTGGACACTACACTAGACATAACAGTTAATATATGTCTATAATTTAGATTCTGTTTTTAGTATTTTTTTTCTATATGAAAATTGCTCTGATACTTTACATTTTCAGGGAA	TGTACATACCAACCTGCCCT
NickOT31RH.ACB09C92E60D4A3Z0Z	CATTAAAAACCAGCATTTGATTGGATGTCTTGATCTTCTTGGATCTTGAAACCAACCTCCCCAGGTTATGAGTAAGTCCATCCCTGACAGTAATTGTATCATTTTGATTGATTTAAAGAAAATACAATGTCATCCAATCAAACCATCTTTCCTTTGATACCAGGGTAGTGTCACCCAACTAACTGAAAC	TCTTGAAACCAACCTCCCCA
NickOT33RH.DD623AEB119045CZ0Z	TAGAAATGCTCTGTTTGGGCCTGACGCTGTGGCTCACACCTGTAATCCCAGAACTTTGGGAGGCTGAGGCAGGCAGATCACCTGAGGTCGGGAGTTTGAGACCAACCTGGCCAAGGTGGAGAAACCCCGTGTCTACTAAAAATGCAAAATTAGCTGGGCATGGTG	GTTTGAGACCAACCTGGCCA
NickOT34RH.EB296E9558E741CZ0Z	GCTGCCCAAGATTTTAGACTTTGTGTTTAAAGTTTGTGATGGTGGAAAAGTCTTAATTATAGAGACAAACTTGTACCATCTGACTCTATAAACTCTTTTTAAAAACTCCTAAAATAATCTTCTACTGGAAACCAACCTACCCAAGGAAACCAAACCCACCTTAGATCTGGATTATCTGCAACCTGTGAGTG	ACTGGAAACCAACCTACCCA
NickOT35RH.31F6A4241DF54FDZ0Z	AGCAACCCTCCAATATTATCACCACTCTGAACTCAAAGGTCACGTGATACACGCTTCCCAAGATACCAACCTGCCTGGGATTTCTGTGACTTTGAATTAGCCATAGTTTTGTGGCTGCTATCATCCTTTGTGCCAGAGATGAAAACATTTCAAGTATAGGCTTTCCATGTCC	CCAAGATACCAACCTGCCTG
NickOT36RH.F480ED73FAF049EZ0Z	TCAGACCTCGCCTTGTCCAACCTGCAGGCCTCCCAACAGTGGGGCTCTATAAGGCTGGCGTTCGCCTCCAGGGTTCTCCCCGACACTGGATGCCAACCTGCCCAGGGGCAGAAGGGAGGTTGGGCGTGGGGAGTGCCGGGTACAGTCAGAGTTGCCAGGACAGTTTG	ACTGGATGCCAACCTGCCCA
NickOT37RH.9B5A42A1FB1C45AZ0Z	GTTCAACAAGGCCTTCAGAGTTCCCATGACATCACTCTGCCTGTCTCTCTAGCATCATCTCTCTCACCACTCTCTGCCTTGCACTTTGCATATCAGTGATACCAACCTGCTCACAGTGCCCTTGACTGCCGCCACTGACACACACACAAGCTGTTCCTGGCATCT	CAGTGATACCAACCTGCTCA
NickOT38RH.C9568D1B6080495Z0Z	TCTCCATCCTTTGCAGACCTGTACTCCGGCTGGTTGGCAGCAGCCCTTGGTACCAACCTGCAGGTCCAGTTCTGGCACAAAACTGTAGGCATCCTGCCCTCTAACTGCTCGGATATCTGGCAGGTTCTGAATGTGAACCAGATAGCTTTCCCTGGACCAGCCGGCCCAAGCTTCAACAGCACAGAGGACCACTCCAAAT	CCTTGGTACCAACCTGCAGG
NickOT39RH.3F7B9D88A44A46AZ0Z	CTGTTAACATACTGTACATCCTCATAACTGCATAGCATTCCATCAGCAATTCCATATATTTGGATACAAAACTTTTTTTTGAAAAATAATATTTGTTGGAGAGGAGAAGTATCACAAATAATACAAAGAAGAAAAGAATAGCCTATGATACCACCTGCCCAGGTTGTCATTTACGAAAGTGATACAGACACAGGTTTAAAAAAAAATTCAAGCACCATGAGAAGGTGGAAAAGTAGAACTAAGATTGTAATTTCCC	CTATGATACCACCTGCCCA
NickOT40RH.3DAC64CA60974A4Z0Z	GCATAGGGAGCCTCCTTGAGTTTCTGCCTTGTGTGCACCTGGATACCAACCTACACGGAGATAATTCCCTCTTAGGCCTGGAGGCCCCTGGCATAATCCAGTCAGTCTATCCTAGGTGTAGGGGTGCAGGCTGACTGCCTTGTCTGTCTCTCTGGATGCTGGCTT	CCTGGATACCAACCTACACG
NickOT41RH.7372373A1547415Z0Z	TCTGTGTACGTACTGATCCCCAACACAACCAATAAAATCTCAATTAGAGAAAAAGAATTGCTTGATCCAACCTGCCCTGGCCTCTTGGCAGCTTGCCAAAGTGACAGCCCCCTGCCACTGCAGTTGCTTCCTCTCCTCATGCCACTCGCTGAGCTTCCACACAGCTGCGTTGTTT	GCTTGATCCAACCTGCCCT
NickOT42RH.DD88E29AE4424F0Z0Z	TTTCAGTCCCTTGATTGAGTCCACGGATACAGAGGATGCACTGATAACTGTATTATTTCTTCCAACTTGCATAAGAAGAACTGAAACTTAAAGAGGTGGTACCAACCTGCTCAGAGTCACACAATTCTGGCTTTTTGTGATATAAATACACGCTTTTAGGCAATATACTAGTGGCC	AGGTGGTACCAACCTGCTCA
NickOT43RH.07B3C758A452415Z0Z	TGGCCAGGACTCTTTAAGTCGTGAGCTCCCTTTGAAACAATCTCATTTATACCAACTTTGCCCAGGGAGCTCTGTTCTGGCAAGGGCTCGTCTCTTACCTGAGCGCACAGTCACCTGTGCCAGCCACAGAGGCCAGGTGTTGCTAGACTGAGCAAGCCCTATGAGTTCA	CATTTATACCAACTTTGCCC
NickOT44RH.55878713FEA3459Z0Z	AGGAACTGTGTGCCATCTGCTCCAGATCACTGTGAATGTGGGCTGGTCCCTTCTTGGATGGAGGACCCTGGGCCCCACCCTGCCCAAGGGAGCCAGATGTCCTCAGCACAGCTCAGCTAGTCTGTGCCCCACTGGCTTTCCCAGGGTGGGCTTGGGTGGTGAAGCCCAACTCTGGTTCTT	CCTGGGCCCCACCCTGCCCA
NickOT45RH.FAFD133CE810441Z0Z	GAATTTGGCTGGGCTTGTTCCAAATGACTTTCATTTTTGTCATCTGTGAAATAAAAACATTAATACCTACCTGGCCAGGGCTATGGGGGAGCTAAAATGAAATAATAATAGATGTGAACAAACTTTATTAGCTACAAAACCCTGAATCAATGCCAGTGGTATTTACCACTATGGCTACTATTATGGCTACTATTACTACAAAGAACACATTCAGGAGAGTGAGCCATC	CATTAATACCTACCTGGCCA
NickOT46RH.23B3575E698C474Z0Z	AAGCCAAGTCACACCTGTAATCCCAGCACTTTGGGAGGCCAAGGCGGACAGATCACCTGAGGTCAGGAGTTTGAGACCAGCCTGCCCAGGCATGGTGAAATGCCATCTCCACTAAAAATACAAAAAATTAGCCAGGCATGGTGGTGGGCGCCTGTAATCCCAGCTACTCAGGAGGCTGTCGCAAGACAATTGCTTGAA	GTTTGAGACCAGCCTGCCCA
NickOT47RH.4242BA3B88394FEZ0Z	CAGAGTACACTTTGCCCAAGCAACAGCCTTCAAAGCGAAACTTAAGCTGCTCCACTAAACTAATATCAACCTGCCCAAAGACCTGTGTTCCCCAGCCAACACTACAATAAGGACATCACAATACAATGGCCCGAGGCTTGTCCTGGCCTGCATCTCTCAGAGTGT	AACTAATATCAACCTGCCCA
NickOT48RH.4FF4210F37604C0Z0Z	CAGAGCAGTGGAGGGAAAAGCTTCCCCAGCCTCCAGTCTCCACACTCGGGTGCTTCCTGCAGCCACCCTACCAACCTACCCAGTGGTTCCTGGAGATTTGGCAGGGAGGCACACAGGCATGAAAAATGAGAGCCAAACACTCAGTTCAAGGCATCCAAACAGC	CCACCCTACCAACCTACCCA
NickOT49RH.CCFEDC49EEBD497Z0Z	GCTAGCCTTCCCTCAACAACACATCCAGCTGGTTTACCATGTTCTACAAACAGATTATTGGAACTGTATATGGAGGACAAATGATCAGCACTAGGGCAAATTTCCTCTGACACCAACCTGCCCTGACAAGCTTTAATGAAAGCCGGCTCTTGGTTGTTCTAGAAAATAAGTACTTTTACACTATTTTTGTACAAACAAATATATATATATATTTTAGATGGAGTTTCGCTCTTGTTGC	CTCTGACACCAACCTGCCCT
NickOT50RH.27766B9776D941FZ0Z	TTGGTCAACAGCAATGACAGATTCCAAGTTCCTCACTACCCAGACACCAACCTGACCCATGGGCATCAGACCCAAAGATCCCACCTCCTATTATTAAGATGGGAAAGAGGGTGAGAAAAAAAAAAAGAGACTCTTCCTACTGTATTAGAACACAGAATCACTACAAATTACTGGACGTAAAATTCACTTCAGCTCTGGGAACGGACCCTACCATGGAGCTCAGTTGTCTAGA	CCCAGACACCAACCTGACCC
NickOT51RH.000B075906564E2Z0Z	TGATTTTGAGCAACACTCCCCACCCAGATTCTACCCAGAATATAGAAATTTAACTTTGTTCATTCTTTAAGCTTGATGCCAATCTCCCCAGGGCTGTTCGTGGTTCTGGAATCTTATGCAGTGCCAGGGCATCAAGGAGGTAACAGAAAGGCCCACTAGT	GCTTGATGCCAATCTCCCCA
NickOT52RH.DE949C7EEE7B4E5Z0Z	GATCCCAAATCTGTTACCTCTGCCTCTGAAGTCCTGGCTGCCTCTCTGATATCAAGCTGCCCTTGGCAGTCTCATTCCCTGTATCCACTGTGGCATCCAGTTTTTTGCCCCAACCCTCGGGTCCACCAGGGACTTTTGGGCATGGGGAGGAGGGAGGCAGCATATTGGTAGTGTTTAC	CTCTGATATCAAGCTGCCCT
PegOT01RH.4D0B3A56DF8B48AZ0Z	TGAGTAAAAGCTACCCTAAATGCCTGGGGACCTGCTATTAATTGCCCAGAGAGGATTTCTATGGGCACCTGCCTCCTGTGGTTTTGCTTAACTTGAATACGCTGGATGTGGCCAGTTACGGGTGCTGCCTCATGAAAACTGTCCATTGTAGTTGAAACAGGGCAC	CTATGGGCACCTGCCTCCTG
PegOT02RH.80F5BC9E15204D6Z0Z	GTCACAGTCTCTGGAACTACGCTCCACACCCGTCACTGTCCTACCAGGGTGGTGACTCTCAGTCACACTGTCCAGGATGCACCTGACACCTGTGGATGTGGTTTCTGCCTGTCCTCTTAGTCCAGGATGCAAGAGGAGGCGGTGGCTTAGTTCAGGCAGGAAGAAAG	CAGGATGCACCTGACACCTG
PegOT03RH.9F88B74678F142AZ0Z	AGTGTCCAATCAGGATTAGGAGCTGTGTGGGGCTGCTGTGGGCTTCCTGGTCCTCCCCACTGCTGTCCGGCAAGGGGCACCCGTCTCCTGCGGTTGCTGACAGTTGTCCAATTCTGAGTGTCTGCGCTGAGACTGCCAAGGCTGGGGTCTCGGTATGGGGGAAAAAATGAACCTCATCACTCACCTCACCCAAGAGTGAAAGCAATTAACTGGAAATGGATCATGCACCTGAA	CAAGGGGCACCCGTCTCCTG
PegOT04RH.5EFCB0357110466Z0Z	GTGCACCTGACCTTCCGGAACTGTCATCACCGCGCGCACCTGACCTCCCGGAACTATCATCACTGTGTGCACCTGACTCCTGCGATGGGTAATATTTCGTCAATGTCTCTCCCACTCCCGTAAGCTCCCGGAGAGGACGGGGTCTTTCACTTCCCCGGCTGTTCAGACCTCGACCACAATGC	CTGTGTGCACCTGACTCCTG
PegOT05RH.731BA5E34E1543CZ0Z	AAGTTTCATTCCTCAGTCTCCTCTACCTTTGCAGGAGCTGTGACACTACTGACTCACTAAGTCCAGGTCCACCTGACTCCTGAAGCCCCTAGAAATAGAAATCTGATCCTCCTCCTTCCCTGACTCATATCTTCTCATATCTGTCCTCTAAGGCTCTTTTTCTTTTTCCTGTCCCTTTTGTAAATGTTTGGCTT	CCAGGTCCACCTGACTCCTG
PegOT06RH.3FD344CA2C6349BZ0Z	CTTCCTCCAAGATCTCAGTCTCTCAGTGCTTGGCAGAGGGGTGAGGCCCTGGGGAGGCAGGGGTTGGTGCCCTGACTCCTGTGAGGGGAATCTCAGTAGCTGGGAATTATGGAAAAACTCTTCCTGTTTCTGTCCATCTTGTTCCTGTGGCTTAGCACATACAGACCTCAGA	GTTGGTGCCCTGACTCCTG
PegOT07RH.01D9BD680E1C439Z0Z	TCTCATCTCCTAATGCCATCACACTGAGGGTTAGGGCTTCAATATACAAATGCGGAGGGGTGGAAATGTTAGCAGCATAATGCATCTGACTCCTGTGGTACCAAATTATGTTACCAGTAGTGAAGCCAGCAACCTCAATTCCTGCCTCCTCAGAAGAGAGAATTTGACCAA	CATAATGCATCTGACTCCTG
PegOT08RH.2626A04F7C39432Z0Z	GAATTCTTTTTCTCAGCATGGAACATCCCTGGGAAAGAGAATACGTGCCTGGAGGTATAGGCTTATAAACAGCCCCCCCAGGTGCACCTGTCTCCTGTGGTTGAGACTGTAGGGGTGAAATAGACCCCAGTCTCCCATAGTGCTCCCAGGCTTATTAGGAAGAGGAAATTCCTGCCAAATAAATTTTGATCAGACCGGT	CCAGGTGCACCTGTCTCCTG
PegOT09RH.BCE37F58B720440Z0Z	TTACTCCTCCAACCACCCAACAGAAGGGACGCTGGGGCTCTGCCTGCCCAGTGCTCAAGGTCCCTCGGTGGGGACGCCACACCTGTTTCTCCCACTTTCTCGAAGGTGGGTGCACCTGCTCCTGTGGGCGGCAGAGCTATGTGGATGTTCCGGAGCTCACAGATGCATA	GTGGGTGCACCTGCTCCTG
PegOT10RH.492564EDE38F404Z0Z	AGATCCCTTCTGCCTCTCCCAGCCCCCGTCCCTGAGGCCTCTCAGGCTCAGCCTTGCCTACTACCCAGAGGACTGAGGGCAGCCAGCTCCTACCTGGCATGGCCTGATAACATCAGGGTGCCCTGACTCCTGTAGGCATCTTCTTCCTCAGGGCTCCCCAGGGCCCCAGCACAGGTGTTGTGACTTTGCCCAC	CAGGGTGCCCTGACTCCTG
PegOT11RH.887CD721906445FZ0Z	GCTTGGGTGAGAGTGAGACCTTGTCTCAAAAAAAAAAAAATTAAATAGCATTTACAGTAGAATTTAAAATACCGTGTACCTTGAGTACCTGATAAGGTACACATGACTCCTAGGGAGAAAACTAGACTTTAAGAAAAATTAAAGAGCTAAATAAATGAAAGATGATACCATGTTGGTGAACTGTCAGACTTAATATTGTATACAACTGAATTCTCTCAAAATTGATACATGCAG	TAAGGTACACATGACTCCTA
PegOT12RH.38B6DBC28872477Z0Z	ACCTTGTGATCCTCCCGTCTCAGCCTCCCAAAGTGCTGGGATTACAGGTGTGAGCCACCGCGCCTGAACCCTTTCTGTGTTTCCTAAACGTGATAGTGCACATGACTCCTGCGGCTGACAGCGCCAACAGAACGTCACGCGTATATGCGGCGTCCAT	GATAGTGCACATGACTCCTG
PegOT13RH.450C52431CC8476Z0Z	ATTTCCTGCCTGTGGTTTGACTCACGTCTGTCTGTCTCGAAATCTACCCCAAGGACATTTATTCCACTGTGACAGGGCTCATCTCTGAGGAGCACCAGACTCCTGCGGTGGGGAGGGAAGATTATCCGCGCTGCAGAGACTAGCTGGCCTCCGGAAGCCGCCTCCTGACCCCGCGTCAAGCACCGCGGTGGATGGCGCAACCCAGCTTTGGGAATTAATTACCCAAGGCGC	TGAGGAGCACCAGACTCCTG
PegOT14RH.72498897C44B411Z0Z	CCTGCTAAGCCAGACATCCTGCCCAGCGGCGGCCAGCACCCGTTCCCCTGGGCGGCCAGGTTGTCCCACCCATGGGCCACCTGGCTCCTGAGGTTCTGTCTAAGCTGGTCCAACCCCATACCCACGAGTGTCCCACCCACTGGGTCATCCATACC	CATGGGCCACCTGGCTCCTG
PegOT15RH.C5D271FD6ABA43DZ0Z	ATTCTCCTTTGGAAACATACCTCGCACTGGTCCCTTCTCTCCAGCTCCCCTGCCTTCTGTATGGTGTCCCTGACTCCTGTGACTCTCTCTTGCAGTCCACTCTTAGCACTGCAGCTAAAGCAATTATAACCCAAAACCACAGCAATGGGCAGCACTGGTCTATACAAAATGA	TATGGTGTCCCTGACTCCTG
PegOT16RH.034D06511A194E9Z0Z	TGCTACTCTCATTCTCCTCCCTGCAGCAGGGTTCCGGAGGCTCTCCTCGCCTCTGCTCACCCTCAGATGGGAGGGCTTTTGTGTGCAGGATGCACCTAGCTCCTGCGGAGCCGGCCCTGGCTGCCCACTGATCTGTGGGCTAATCTGCTCGTGTACATCTTTGTGTTCAGTCAGAGGAAGCA	CAGGATGCACCTAGCTCCTG
PegOT17RH.EA1A967E442745AZ0Z	TGTTTTATGCTCCCCAAGTGCCTCACCTTTCTAGAGAGCTCCAACCCCTGTGCTGGCCTTGGGCAATCTGTGGGTGTGGAGTCAGGCTGTGCCCTAGAGCCTTATATCTCTCCTTCCTGCGGTGAGGTGACCCAGGTGCACCTGCTCCTGGGGGGTAAACAGCAAATGAGAGGCCCGGGGCAGGGGTGGGGCAAGGCTGAAACTGGGTGCCTGGAGCTGGATGAGTCACGTTCTC	CCAGGTGCACCTGCTCCTG
PegOT18RH.F8A82B7EDD4C49CZ0Z	ATAAACAAACACGTGGCAGACGGTTAGAGGATGACATGTGATGGGATAGGCTGGCCAGGGTGCACCTGTCTCCCTGAGGAGCAGAGGAAGGATGGAAGGGGTAGCAGTGCTTCTGCTCCTACAGTTGTCCAAGGCAGAAGTTTTGTGAGCACCTTCAACTTTG	CAGGGTGCACCTGTCTCCCT
PegOT19RH.CA0DB0EEDCC54A4Z0Z	GTCTTAGTGGATCTTGAGCAGAGCTGTTGAGGGCAGTAATGCCAGGGTGCCCTGGCTCCTGGGGCAGCTCAGGTGGGGCAGTGATGCAGCTGTAGGGGTGCGAGGAGGGGAGCCAGGGAGCAGAGGGTCAGTGAAGCAGGGCCCAGCAGGGCTGAGACTGCACCCTTCAGTCCTCTCT	CAGGGTGCCCTGGCTCCTG
PegOT20RH.56736BC330F2462Z0Z	CAAACTGCCCTGCATGTAATCTTCAAAGCAGCATGTAAATGAGGTCCACCCGACTCCTGGAGCATTTAAGCTGCAAGCAAAACCCACTCAGATACCAAGAAGAATAAATGAATCTGTTATGTGTGTACTGATCTAATGGCTTCTTTTTTCCCATTTTGTCTTCAGTTTTACTGAGGTCTCTTAGGAAGATCTCTGACATCAGTAAGGGAGCCCAGTACT	TGAGGTCCACCCGACTCCTG
PegOT21RH.2CF3FDAA244B414Z0Z	GCAATTGTTAAGAAATAATTCAGAGAGCCAGAATACTTGATTTTTAAAAAGCTTTCATTATTTCCACTATGGCTTCAGAATCTTCCACCCTTATGGTGCTTCTGTCTCCTGGGGCAGAACTTTGTATACTACAAAGACGGGTGAGGAAAGCAAAAGGCTCACTCAGCCCGTGGATCTGGGTGGCAGAGGGCTGGGGCACTGACAGAAAAGGGAGCTTTGGGTGCAATTACGTAGGAGGTCTTTC	TATGGTGCTTCTGTCTCCTG
PegOT22RH.29A50A61F0E1412Z0Z	CCCAAGCTAGACTCATCTTCTCACTCTGAGAATCCAGTGTGGGTTTCAACAGCCGTGCATTTGCCCGTGCTGGGAATCTGCCTCTGCATGGTTAACCTGATTCCTGTGGCCACAGGAATCACACATAGCCAAATCCCAACTTTCCTCCCTGAATCAGCTCAAACC	CATGGTTAACCTGATTCCTG
PegOT23RH.B7C1378C30E94E5Z0Z	TCTCTTCTACAGATGAAGAGTCTGGGTCCAGAGAGGTCCAGTCACATATGCAAGGTCACAGCCAGCCAGTGAGAGGTGAAGCTGCTCAGGCGTGCACTCACGGGGCACCTGACTCCTGAGGCGACAGCCTTCACCTCTGTGCTCGGCATTTGTCCTAGCGATGATTCCTTTTTGCTTAT	CACGGGGCACCTGACTCCTG
PegOT24RH.CE26C591030640AZ0Z	GTTGCCCTATATGACTTCCAAGGCAGAAATATTGGTATCGGAATTCTACATACTTGTAGATTATTTTTTAAACCTGTTATTTTTCTATGTTTAGATCATAGAGGAATAGAAAAATCCCTTAGAAAAATAAATTGACCTAAAAAAAGATGTGTTTGCTCCGAATGCTGAGTTTAGTGAAGAGTGATGCACCTGACTCCTCTGGATACTTCCAAATGAGTCTGGCTAATTGGGGTAACCTAAGC	AGTGATGCACCTGACTCCTC
PegOT25RH.6E609636E2B443BZ0Z	CAGCTCACTGGAACTACAGGCACATGCCATCGTGTCCAGCTAATTTTTTTGTAGAGACGGAATTTCACCATGTTGCATCTAACTCCTGGAGTCAATCAATCCACTCGCCTCGGCCTCCCAAAGTACTGGGATTACAGGCATGAGCCACCGCTCCGGGCCTATAAAAACTTT	CATGTTGCATCTAACTCCTG
PegOT26RH.CB4A29CC056346EZ0Z	CTTGCTTTTTCATGTTTCTGTGGGTTGGGTAGGGAGGAAGCTGGAGTCTCTGAAAACCCAGAATTAGATGTGATATTGGAGGGTGGAGGGTGCTGGTGACCTGTCTCCTGTGGGATCCTGTTCCAAGTGGTCAGAAAAGATCCTTATCTATGGGCTCAGAACAAGC	GCTGGTGACCTGTCTCCTG
PegOT27RH.EA4FC647D0AA413Z0Z	GATGGTCAGTAAGTTAATCATGCCCATGTACATAATGGAAACTCCATGAAAACCCTAAACGGAGGGGTTTGGAGAGCACATCCACGTGTCAGGAGGGCGGTGCACCTGACTCCCTGGGGACAGAAGCCCCTGCCATAGGGACCTGCAGACCTCACCCTATGTACTTCTTCATC	GGCGGTGCACCTGACTCCCT
PegOT28RH.21E9F9715FE84C4Z0Z	AGGAGCTGGGACCAAGGGATGGATGAGTTTACCTAGCAGAGGAGGGTATATGCAAGAGGATGAAAGCATAAAGCTTAGGATCAGAAGCTGCACCAGACTCCTGTGGTCTCTTCATTCATTCATCATTCAACCCACTACCGAGGATCTACTGTGTGCCCAGCACTGTGCTAGGTCCTGGAGGTAGCAAGGCTGAC	GAAGCTGCACCAGACTCCTG
PegOT29RH.3B3F42EF4D05485Z0Z	CAGACCAGAAAGGAAGTGGCACAGGGGGGACCACTACCCCTCCAAGGTGCCCTGACTCCTGCGGTCACCCGAGGCCTGCATCATCCTCACCTCCAGGTGACAGAAAAGGAGGACAGTCCCAGCTGACGCTGTTGGATCTGGCCGAGGACACCATCCACTGTGACATCTCAAGTGGGT	CAAGGTGCCCTGACTCCTG
PegOT30RH.17861622FB1F429Z0Z	ATAACGAGGTTGAGAAGGTGAACTGAGCGCCCCAGGTCAGGGTGAACGCCTGGCAGGGAAGTGCACCTGACTCCTGACGGACAGGCAGCTGAAAGGCCAAGAGAGTGGGGAAGAACGGCTGCTAGCCCCTGCTCTCCAGGCTGGGCTGCTTTCCGGAAGATGGCACAGCAGGGAGGGCGAGCAAGCTGGCCCAGCATGAACACCTTACATTTCACACACATGTTGCACTGTTTCATC	GGAAGTGCACCTGACTCCTG
PegOT31RH.2471DCF94B86429Z0Z	CGATGCTATTTCCATGAGGATCTTGGATTAAACCAAAAGTGCAGATGGGCTCTGTCACCACTGGTGTTACCTAGAGGAGGCACTCTCTCCTTGGAGCATCTGACTCCTTTGGGAAAAGGTGATAAGAATTCCTAGTCCTGACCCAGCATCTGGGACAGAGATTTATCAGAGGATCCAGGGTC	CTTGGAGCATCTGACTCCTT
PegOT32RH.0B3AE3C58D1B494Z0Z	ACAGTTGGACATGGTGCTAGAGCTGGAAGGGTCACAGGTATGGAGCCAGTCTGATATCCGTCACTGTGCATAGTGCGACTGACTCCTAAGGGTCCCCTGGATGCACTTAAGCCCACCTCCTGCTCACATTTCCCTTCCGTCAGAGCAGCACCTTGCTGTACCTCTCGATCAGCTTGACTTG	CATAGTGCGACTGACTCCTA
PegOT33RH.851EF8935C3A4B8Z0Z	ATGCTGAGGACCCATTCTCACCTCTGAGGGACTCCTGTCCTAGGACTAAGGTGGAGCCTGGGCCATGGTACAGCTGGCTCCTGCGGCAGCCATGGACGAGGTCACCTTTAGGAGCGACACTGTGCTGTCAGATGTCCACCTCTATACCCCGAACCATAGACATCTCATGGTACGGCTGAACAG	CATGGTACAGCTGGCTCCTG
PegOT34RH.EF27571CDD8F477Z0Z	GCTGCAGAGATTTTGTTTATGGCCAGTTTTGGGGCCAGTTTATGGCCGGATTTGGGGAGGCTTGTTCCCAACAGTTCTTCTGGGTAAGGGTGCCCTAACTCCTGTGGGGACCTTCTTTGGTGGCTCCCCAGGAAGTAAGGAGATGGGAATTGTGCTGTAGAGGTCTACAGCAGCACTGCTTGCTGAGGCGGGGGACAATTGCTATACATTTGTAAGGGCAGTGG	AAGGGTGCCCTAACTCCTG
PegOT35RH.6B42DDD218E046EZ0Z	CACTCACCAGTCTTTGTGAAAACACTGCCCCTGCCTTTACTACCAAGGATGCACCTGACCCCTGGGGCAGGCAGTGATACTGCCCAGAAAAGAAACACTGGGGCCGGGCGCAGTGGCTCATGCCTGTAATCCCAGCACTTTGGGAGGCCGAGGCGGGTGGATCACCTGAGGTCAGAAATTCAAAGACCGGC	AAGGATGCACCTGACCCCTG
PegOT36RH.4F7546848A64487Z0Z	TAATGATGCTGGGCCACAGGCATAGACAGGCGCTGTCCAGGGCAGGCAGCGCTAGGAATGGCCCCACCGTGCATCTGACTCCTAGGGTAGGGACCCTGAGATCATCTTTCTTATTTATTTATTTTTTTCGAGGCAGAGTCTTGCTCTGTTGCCCAGAGCTGGAGTGCAGCGGCTTGATCTCGGCTCACTGCAACCTTCGCCTCCGGGTTCAAGTGA	CACCGTGCATCTGACTCCTA
PegOT37RH.C404BD2AC9A74E8Z0Z	TTGGATTTGTTTCTACAGCCAGAGACTTTGATGATTGCAAGGGATGATAGGGAGGCCATTCTGAAGACAAATAACCATTGTTTATGGAGCCCTGACTCCTGGGGTGGCAGCCGCTCACTGGGTGCAGGCATGGGACCTGCTCATCAGCTCCTGGTGGGCACTAATCTAAGTGT	TATGGAGCCCTGACTCCTG
PegOT38RH.7EAAD8FD4EDC46CZ0Z	TGAAAGTTCCTGCAGTCTTCCCACCCTAGTCCCCAACGCCCTACTCCCCCAACCCCCAGCTCACATAAGCCTTCCCCGCACCTGCCGCCCAGTGCACCTGCTCCTGCGGCTCACAGTCCACTGCAGCATGGCCAGTTCCTTGGAACAGCATATACCAACC	CCCAGTGCACCTGCTCCTG
PegOT39RH.01361C97532F4B3Z0Z	AAATCTCTGGGATCATGATAGGGCTTTGGTAGTCATACTAAGTCTTGAGCTTTGATAACTGAAGATTCGGATAATGCAACAGAGATATGGTCCACCTAATCCTGAGGTATCTCTTATAACATATAGTGTAAATTTTTCTTTTTTCCCCCTTTCACTTAATTTTGAGATTTTTCACTTTTTGCTAATCTTTTTAAATGTTTTCCATCCCCAGTTTTGTGTCTGAAAGACCTCTAACCAGATACTCA	TATGGTCCACCTAATCCTG
PegOT40RH.E0D5EBBAC1164EEZ0Z	GCTGTCTCCCCAAATTGGCAATCTGATGGGCAGAGGCAGGGATTGGTCCCTGAGACTGTCACGGTCCTGTCTCCACCCCCTTTCCTAGACTTATTCCCTACCCTGGGCACCTGACTCCTTGAGTAGGGGTGGGGCAGAGCTCCTGGAAAGGCTGGGAAGT	CCCTGGGCACCTGACTCCTT
PegOT41RH.636F96A380514BEZ0Z	AGAAGCAAAGGCCAAACTCTGTCTTAGGGTGGGGTCCTTTTTCTCCCCTGGCTCTCTCCTGATCACCCCAGATAGTGCTCCTGACTCCTGGGAGAGACAGAGGGGCAGGGCTATTTCAAAGGTCAGTGTTCTCATCTTACCCTGTTCATCCCGTTTCTCAAACTCCATACCCAGACAT	GATAGTGCTCCTGACTCCTG
PegOT42RH.066A73D77867477Z0Z	GATTCAACGGGCAGGAGAGAAGAGAAGCCTGCCTAGGAAGGAGCCTGAGGCTGGATGGTGCATCTGCTCCTGGGGATGCCCACCTCGCTGCTTTTGCTCATCGAAGCTCCACCGGGCTTGTCTGTCTGTTTTATTTAGTGCTGAGAAAGCACATACCATGTGCCCGATGTTATCC	GATGGTGCATCTGCTCCTG
PegOT43RH.96959E1A9DE84ECZ0Z	TGAAGGCAAAAGGAGTGGGCTCTGGGGCTGTCCTGAACTGGGTGGGGCCTGGCTCTGTGCACACCCGTGCACCTGACGCCTGGGGCCGGATGAGCTGGCTCTGTGCAGAGACGTCCATGTGGCCTGGCCTAGGGCCAGCACAGATGTCACGTCCTCCTGCCAGTACTGACAGTTCTGGTGTTCACCAACCAAAAGGC	ACCCGTGCACCTGACGCCTG
PegOT44RH.02EF30E8A77E4EFZ0Z	TTTGGGAGTACAAGTGATTTTGGGTACATGGATGAATTATATAGTGGTGGATTCTGAGATTTCAGTGCACCTGACACCTGAGGAGTGTACATTGTACCCAATATGTAATTTTTTATGTCACACCTCCCTCTCACCCTTCCCATTCTGAATCTCCAAAATCCATTAT	TTCAGTGCACCTGACACCTG
PegOT45RH.79AD8395EDDB4F9Z0Z	TCCGACATAGTATGAAACTGCAGCTGCACTGCACTCAGTTACTAAAAGCCAGAGTTATCAATGGAGTTTAGAAATGATGGTAGATCTGACTCCTGAGGAGCTAGTTCATTGGATATGTAAGGAAATACAAACTAAGATGAGGCATGCTAAACATACAATCCCACG	GATGGTAGATCTGACTCCTG
PegOT46RH.5F9FEFD3873046DZ0Z	GGCCAAGGATCTCTGTAAAACCCTTAAGCCAAGAGATCAAAGTTAACCCAGATAATGTGATTTTCTGACATGATACACAGCAGGGCACCTGACTCCTGTGGATTATTGCCAAAAATGCATATCCTAAATTTAATTATGAGGAAGTACCAAACAAGCCCAATT	AGCAGGGCACCTGACTCCTG
PegOT47RH.65B6C9A5FA084FFZ0Z	AGGACTGAAAAACTTCCTATCCTGTACAATGCTTATTACCTGAGTGGTGAAGTAATCGGTACACCAAACTCCTGTGGCATGCAGTTTACCTATATAACAAACCTGCAAGTGCACCCCTCAACCTAAGACAAAAATTTTTTTAGAAAGGAAGAAAATAGTGACAGGAAACTTTCCA	ATCGGTACACCAAACTCCTG
PegOT48RH.0B1C67CF94B6472Z0Z	GCAGGGATCACAAATTCCTTCCTCTTTTTCAAGCCACCCTGAGGGGGTCCCCGAGGTGCCCCTGACTCCTGAAGCTGTGTCTGTGGAGCTGCGGCCACTCATGCTGTGGATGGCCAACACCACGGAGCTGCTTAGCTTTGTGCAGGAGAAGGTGCTGGAAATGGAGA	CGAGGTGCCCCTGACTCCTG
PegOT50RH.40A3A38B0B574CEZ0Z	AAAGCTTCCTGGTGCTCCTCCCCTCCCACCAGTGCTCAGCCCTTCTTGGCTTCAGAAGCTGCTCCATCAGCAGCCGTAAGGGTCACTCTCCCCTGCTCACCATGGTTCACCCAACTCCCTGTGGTTCCCGCGTTCCCCAGCATGGGGAGCACCATTCTCCCTGCTCGTG	CATGGTTCACCCAACTCCCT
SgOT17RH.C005E7241F5A408Z0Z	TTAAGGTCTCTCTCCCACCACCAGACCATCTGTCCCAAGGGGCAGGAGCTGCAGGACATGGTTCACTTGATTCCTGGGGACTGGCACTATGCCTGGCACATCACATGGATTCATTACGTATTTGTTATAGGAATAAACAAAGGGGTGGCTACCCCAACTACAGAGCTGGGAGTGTCAGTGAAGA	CATGGTTCACTTGATTCCTG
SgOT24RH.068682E0B6C7412Z0Z	CTAATTCCCTCCCAAGTCCAGGAAAAAGAGCAGCAGGAAATCATATACAGAAGGCAGAAATGTTGAGGCTTGGAGAAGCACATGGTACACCTGAATCCTGGGAGCCAGTGGCAAAGCCAAGAAGTAATGAAATAGCAGATGGCAGGCCATGCAGCAGTGGGGTGGACCATCCCACTGCCTCACCTAGCTAATT	CATGGTACACCTGAATCCTG
SgOT29RH.A377C1890FA546CZ0Z	GGTCTCCAATACCGGGCCTAAGGTGATCTGCCTGCCTCAGTCTCCCAAATTGCTGGGATTACAGGTGTGAGTCATGGTGTCCAGACTCCTCAGGTCTTTATTGGCAGTTGGAACTGTTGGAATACTTTTGTTTATGTTTTTGGTTTTTTTGTTTGTTTTTTAAGCCATTCTAATAGGTATGTAGATAGCTCATCATAATTTTAATTTTCATTTGCCCAGTGGTTAATGCTG	CATGGTGTCCAGACTCCTC
SgOT31RH.B83DD2512D79488Z0Z	GGTACCTCGCTATCCACTTTGTAAGGTACGAGTAACAACAACAACAAGCAAACCAAATTACCAAAGCACAAAAAAAAATGTGTTCAGTCAGTTACAAAATGCTCCTCAGCCAGAGAAGTGGGCATCTGACTCCTGGAGGGGCCCTTCAGCCTGTGGAGTATTCTTGTGTGTTGCAGGTTTCACAGTG	AAGTGGGCATCTGACTCCTG
SgOT32RH.97C5FEA1EF99408Z0Z	TAGCAATAGGTGGTTGGCCCCAGTAGCACCTGTTTATTTAGACAGGACAGACACTCTCTGGTTTGCCACAGTCCCCATGAAGCCCACTTCTTCATGTGCATGGCCCACCTGGCTCCTATGGGCATTTGAATTTGCAGCCTCTGAAATAAAGGTAAGAACCAGAATGTTCAGCACCTGGCTA	CATGGCCCACCTGGCTCCTA
SgOT35RH.6DBB94C7B9F845EZ0Z	GGCATCATGAGGGTTCATAACTCAGACCAGAAAATGTCTGAACAGATCTGATTTTAACTCCTTGCTTACCAGATGAGGAAACAAAGAACAAGGAAAATGATTTGCCAAAGATTACTTAAGCAGGGTGCAGCAGAAGAGGGCATTCCTGATGCACCAGATTCCTGGAGCAGCGATAATTGTTTTTCAATCTGTGCTCCTCAGAGCCCCAGGGCTTCTCTGATGTCCTTCT	CCTGATGCACCAGATTCCTG
SgOT36RH.7AED8AAB18A6434Z0Z	CGCCCCTCCTTAAACAGTCTCTGCAAAAATCCCAGCCTCTAGTGAAACCATCACCCGAATAGTGAACATAGTACCCAATAGTTAGTTTTTCAACCCTTGTCCCCCTGCCTCCCTCGCCCCTTCTGGAGTGAGGGTGCACCTGTTTCCTGGGGGACTGTGAGTCACCCATGTGGTCTGCTGCTCCTCACCT	GAGGGTGCACCTGTTTCCTG
SgOT40RH.C4CBDD69B16D4F8Z0Z	CAGCAGAACATGTGTCTTTGTCAAATCCAGCTCCCCTTCTAGTTTCTCCAGAGGTACATCTAACTCCTGCGGTGCCTTCTTTACCAGCCACTGTGCCAGCCTGGCCAAGTGAACCTACAACTTTTGGACCAACAGGTTAGAGAAGGGTTTAGAAAATCTAGCCAGCCA	AGAGGTACATCTAACTCCTG
SgOT42RH.15C6A0899E62401Z0Z	AGCCTAAGCCGCTCTTTGAACAGGGCAGGGACCAAGGCTCAGAGAAGGGAAGAGACTTTCTCAGGGTCACCCAATGAGGCTACAGGGGACTCGAATCATGGTCACCTGACTCCTGAGCCAGTGTTCTGTTGATCTTGTTTGACTCTGTCCCTCCTTC	CATGGTCACCTGACTCCTG
SgOT43RH.D1281FACCD2D4FEZ0Z	TAGGACAAAGGAATCTTAAGTAGTCACTCTGCCTTTATGGGCCCCTTTTATCTCAGAACACAACATTACACATGGTGCCCTGTCTCCTGCAGAGGGTCATGGTGAACACCCAGCGCTTGGCTTGGCCCTGCTCCTTCTGCATGTCATTATCAGAATTCTGGCCGCCAGATTCCATCTGCTGCTTACACTTAAGTTTTC	CATGGTGCCCTGTCTCCTG
SgOT46RH.3435C6DA25E04A3Z0Z	AGACCTTTTGATTCTGTGTCTTCCTGTGAAGAATGTTGATATAAGTAACTTGTGGATCACCTGACTCCTGCAGAGACGTGGTTTTAAGCTTTGTCAGGGCAGGTCCATTTATATTCATGCCTTAGTCCTGGAATGTAGCCATTGATTCTGGGATGTGGCCCTTGTGGGTTTCTCATGGAATTCCAAAATG	TGTGGATCACCTGACTCCTG
SgOT48RH.1F33DB76216A4FFZ0Z	CATTGCTTTCTTCACTGGGAACACATAATAATGTACCATTGTGGAAGTGCTTCACAAACCTAATCGTCAGACTCTCCTGGGAACTTTTAAAATGCAAATTCTTTGGTGCACCTGATACCTGTGGTCTGGTGTAGGTCTAGGAAAATTCATACACTAAGAGATCAAATTACTATATGTTTCCCTTAAGGATTTTGGAAGCACTCA	TTTGGTGCACCTGATACCTG
SgOT50RH.B5205F4C00ED488Z0Z	CAGATGGACTATGCTATGTTTTTGAGGACCTGTATTTTCGAGACTTTCTTGGTGCCCTTGACTCCTTGGGACATAACTTACTTTATCTAACTTGCTTAAGCAAACCGAGGGGAAAGACCTGGCAGCTTCCCATTGCTCCTCAGAAAAACTGTATTTGACACTAGGTATTTAGTGTGTTAGTCTGGTACTCAAATGTGTATG	CTTGGTGCCCTTGACTCCTT
